1,111,3,2022-01-01 08:00:00.000,2022-01-01 10:00:00.000,Awaiting
2,112,5,2022-01-01 10:30:00.000,2022-01-01 12:30:00.000,Rejected
3,113,7,2022-01-01 13:00:00.000,2022-01-01 15:00:00.000,Rejected
4,114,2,2022-01-01 15:30:00.000,2022-01-01 17:30:00.000,Awaiting
5,115,9,2022-01-01 18:00:00.000,2022-01-01 20:00:00.000,Confirmed
6,116,6,2022-01-02 08:00:00.000,2022-01-02 10:00:00.000,Rejected
7,117,8,2022-01-02 10:30:00.000,2022-01-02 12:30:00.000,Awaiting
8,118,4,2022-01-02 13:00:00.000,2022-01-02 15:00:00.000,Confirmed
9,119,3,2022-01-02 15:30:00.000,2022-01-02 17:30:00.000,Rejected
10,120,3,2022-02-01 08:00:00.000,2022-02-01 10:00:00.000,Awaiting
11,121,5,2022-02-01 10:30:00.000,2022-02-01 12:30:00.000,Confirmed
12,111,7,2022-02-01 13:00:00.000,2022-02-01 15:00:00.000,Rejected
13,112,2,2022-02-01 15:30:00.000,2022-02-01 17:30:00.000,Awaiting
14,113,9,2022-02-01 18:00:00.000,2022-02-01 20:00:00.000,Confirmed
15,114,6,2022-02-02 08:00:00.000,2022-02-02 10:00:00.000,Rejected
16,115,8,2022-02-02 10:30:00.000,2022-02-02 12:30:00.000,Awaiting
17,116,4,2022-02-02 13:00:00.000,2022-02-02 15:00:00.000,Confirmed
18,117,3,2022-02-02 15:30:00.000,2022-02-02 17:30:00.000,Rejected
19,120,3,2022-03-01 08:00:00.000,2022-03-01 10:00:00.000,Awaiting
20,121,5,2022-04-01 10:30:00.000,2022-04-01 12:30:00.000,Confirmed
21,111,7,2022-05-01 13:00:00.000,2022-05-01 15:00:00.000,Rejected
22,112,2,2022-06-01 15:30:00.000,2022-06-01 17:30:00.000,Awaiting
23,113,9,2022-07-01 18:00:00.000,2022-07-01 20:00:00.000,Confirmed
24,114,6,2022-08-01 08:00:00.000,2022-08-01 10:00:00.000,Rejected
25,115,8,2022-09-01 10:30:00.000,2022-09-01 12:30:00.000,Awaiting
26,116,4,2022-10-01 13:00:00.000,2022-10-01 15:00:00.000,Confirmed
27,117,3,2022-11-01 15:30:00.000,2022-11-01 17:30:00.000,Rejected
28,120,3,2023-03-01 08:00:00.000,2023-03-01 10:00:00.000,Awaiting
29,121,5,2023-04-01 10:30:00.000,2023-04-01 12:30:00.000,Confirmed
30,111,7,2023-05-01 13:00:00.000,2023-05-01 15:00:00.000,Rejected
31,112,2,2023-06-01 15:30:00.000,2023-06-01 17:30:00.000,Awaiting
32,113,9,2023-07-01 18:00:00.000,2023-07-01 20:00:00.000,Confirmed
33,114,6,2023-08-01 08:00:00.000,2023-08-01 10:00:00.000,Rejected
34,115,8,2023-09-01 10:30:00.000,2023-09-01 12:30:00.000,Awaiting
35,116,4,2023-01-10 11:00:00.000,2023-01-10 15:00:00.000,Confirmed
36,117,3,2023-11-01 15:30:00.000,2023-11-01 17:30:00.000,Rejected
38,148,14,2023-01-13 00:00:00.000,2023-01-13 02:00:00.000,Rejected
39,134,12,2023-01-15 05:00:00.000,2023-01-15 07:00:00.000,Confirmed
45,121,13,2023-01-15 06:00:00.000,2023-01-15 08:00:00.000,Awaiting
46,121,13,2023-01-15 06:00:00.000,2023-01-15 08:00:00.000,Awaiting
47,100,3,2023-01-16 00:00:00.000,2023-01-16 02:00:00.000,Awaiting
48,100,3,2023-01-18 00:00:00.000,2023-01-18 02:00:00.000,Confirmed
49,100,3,2023-01-18 00:00:00.000,2023-01-18 02:00:00.000,Rejected
50,100,3,2023-01-17 00:00:00.000,2023-01-17 02:00:00.000,Awaiting
51,134,12,2023-01-18 00:00:00.000,2023-01-18 02:00:00.000,Awaiting
52,134,3,2023-01-18 00:00:00.000,2023-01-18 02:00:00.000,Awaiting
53,100,3,2023-01-18 00:00:00.000,2023-01-18 02:00:00.000,Rejected
54,100,3,2023-01-17 00:00:00.000,2023-01-17 02:00:00.000,Awaiting
